{
  "characters": [
    {
      "name": "Aang",
      "isplayer": true,
      "element": "Avatar",
      "stats": {
        "health": 100.0,
        "power": 1.0,
        "speed": 1.0,
        "evasiveness": 1.0
      },
      "description": "hes da   Avatar broo0o",
      "moves": [
        {
          "id": 1,
          "name": "Air blast",
          "issuper": false,
          "element": "Air",
          "description": "Aang shoots a powerful blast of air from his staff",
          "damage": 15.0,
          "pp": 10
        },
        {
          "id": 2,
          "name": "Tornado whirl",
          "issuper": false,
          "element": "Air",
          "description": "Aang spins a dazzling whirlwind at his opponent",
          "damage": 10.0,
          "pp": 20
        }
      ]
    },
    {
      "name": "Ty Lee",
      "element": "Fire",
      "isplayer": false,
      "stats": {
        "health": 100.0,
        "power": 1.0,
        "speed": 1.0,
        "evasiveness": 1.0
      },
      "description": "a bit of an airhead but very cheerful and pretty",
      "moves": [
        {
          "id": 1,
          "name": "Acrobatics",
          "issuper": false,
          "element": "Fire",
          "description": "Ty Lee stuns and confuses her opponent with a sequence of acrobatic movements combined with bursts of fire",
          "damage": 10.0,
          "pp": 15
        },
        {
          "id": 2,
          "name": "Animal Whisper",
          "issuper": false,
          "element": "Fire",
          "description": "idk why but I feel like Ty Lee could communicate with animals and have them do her bidding",
          "damage": 20.0,
          "pp": 10
        }
      ]
    }
  ],
  "new moves": [
    {
      "id": 5,
      "name": "Fire breath",
      "issuper": false,
      "element": "Fire",
      "description": "Aang harnesses his inner dragon, unleashing a breath of fire",
      "damage": 8.0,
      "pp": 25
    }
  ]
}