{
  "characters": [
    {
      "name": "Aang",
      "isplayer": true,
      "element": "Avatar",
      "stats": {
        "health": 100.0,
        "power": 1.0,
        "speed": 1.0,
        "evasiveness": 1.0
      },
      "description": "hes da   Avatar broo0o",
      "moves": [
        {
          "id": 1,
          "name": "Air blast",
          "issuper": false,
          "element": "Air",
          "description": "Aang shoots a powerful blast of air from his staff",
          "damage": 15.0,
          "pp": 10
        },
        {
          "id": 2,
          "name": "Tornado whirl",
          "issuper": false,
          "element": "Air",
          "description": "Aang spins a dazzling whirlwind at his opponent",
          "damage": 10.0,
          "pp": 20
        }
      ]
    },
    {
      "name": "Katara",
      "element": "Water",
      "isplayer": false,
      "stats": {
        "health": 100.0,
        "power": 1.0,
        "speed": 1.0,
        "evasiveness": 1.0
      },
      "description": "mom friend, pretty hair, crush on Aang",
      "moves": [
        {
          "id": 1,
          "name": "Splash",
          "issuper": false,
          "element": "Water",
          "description": "Katara stuns her opponent with a medium splash of water to the face",
          "damage": 10.0,
          "pp": 15
        },
        {
          "id": 2,
          "name": "Bloodbending",
          "issuper": true,
          "element": "Water",
          "description": "Katara manipulates her opponent's blood to control them",
          "damage": 35.0,
          "pp": 1
        }
      ]
    }
  ],
  "new moves": [
    {
      "id": 5,
      "name": "Fire breath",
      "issuper": false,
      "element": "Fire",
      "description": "Aang harnesses his inner dragon, unleashing a breath of fire",
      "damage": 8.0,
      "pp": 25
    }
  ]
}